V3,type,merge,site,temperature,PDE,ARG,VF,CAZY,Organic carbon oxidation,Carbon fixation,Fermentation,Nitrogen fixation,Denitrification,Nitrite ammonification,Sulur oxidation,Sulfur reduction
Winter.A0.MP,MP,mp1,A0,18,559659.3292,3127648.989,299710.1101,1035651.802,391299.4286,1067.797888,15162.98147,48.02796888,30681.44655,4921.260761,13784.9687,8209.2155
Winter.B0.MP,MP,mp1,B0,20.8,652287.3481,3091741.738,1114848.118,658377.5973,373306.1503,181.5684579,27723.74642,5.86981385,12232.73079,19429.89256,54298.29487,149.8754732
Winter.C1.MP,MP,mp1,C1,21,435446.2499,3703200.146,674886.0689,1072355.09,453270.8329,79.09598248,20437.1156,8.4545383,32236.98058,17584.30787,25510.48464,27.41428246
Winter.C2.MP,MP,mp1,C2,18.8,389208.9262,2801235.951,1025030.49,742066.8231,288592.525,583.9553531,19943.66228,41.5092678,8166.778613,33738.8432,26074.20881,445.7966982
Winter.D1.MP,MP,mp1,D1,21.1,323336.0345,1753636.936,131083.177,539272.0915,166265.2678,5086.890383,16033.74413,240.7165113,9608.948261,12256.92246,40951.0962,936.2613337
Winter.D2.MP,MP,mp1,D2,20.1,439930.1923,3021900.421,735243.352,755922.5385,267538.0438,264.5434344,34446.93994,320.2910201,27609.29745,23376.24334,37688.18482,2264.595454
Winter.E0.MP,MP,mp1,E0,20.5,558593.9098,3525292.768,2199359.681,611398.8967,451876.4629,33.73326561,42620.13474,32.17474253,28806.10312,40726.24895,24536.23042,14.0482771
Winter.F1.MP,MP,mp1,F1,18.8,371188.7926,2235454.365,1040152.03,643252.4465,271478.4924,944.0355038,49319.56816,68.63813206,18173.23411,13864.72739,17718.76764,153.3731145
Winter.F2.MP,MP,mp1,F2,20.1,595847.3798,3720111.895,1348187.822,1225225.564,432200.4237,1228.637407,22059.79389,11.2120676,9391.527331,14141.23218,25231.14063,76.7324415
Winter.F3.MP,MP,mp1,F3,18.9,600795.3899,3842897.994,1862753.856,622637.7354,409728.1278,10.12363121,42242.33444,151.3652375,19709.19574,50114.29709,34809.14816,16.228086
Winter.G1.MP,MP,mp1,G1,21.5,430053.4326,3673752.632,1193882.009,1005271.462,390740.6325,102.9005961,34259.62374,8.1022626,51793.69623,65445.9294,39017.46745,28.34427863
Winter.G2.MP,MP,mp1,G2,21.3,578320.32,3552051.285,2122989.162,618903.8377,461092.2598,49.38114545,41473.91929,30.26492764,30759.67213,40185.81006,25859.25977,14.41353167
Winter.H0.MP,MP,mp1,H0,23,569841.6229,3936443.386,2456012.003,583435.0834,469465.7047,5.934639216,53491.16895,75.9785755,11495.0352,27679.57082,16636.78956,133.69532
Winter.I0.MP,MP,mp1,I0,19.4,468843.3583,3181181.716,1218165.803,817078.8272,417339.0731,14956.15678,18213.47301,7.35294982,5121.172849,20744.11849,26612.12486,1029.781669
Winter.J0.MP,MP,mp1,J0,19,478960.0071,3478129.704,535393.5659,853233.948,397404.3354,121.9654261,43145.5123,8.118154,39850.62582,41514.76761,57104.7795,76.40256078
Spring.A0.MP,MP,mp2,A0,28.4,449368.4487,2650714.292,561818.6989,914249.0316,501760.5553,2705.470366,42335.26384,121.4023357,38344.40904,15838.23373,12677.24415,245.7422562
Spring.B0.MP,MP,mp2,B0,23.4,437160.5013,2663720.797,1508753.857,877869.8752,405363.5433,1104.856141,36295.51192,144.2349904,9746.106142,33598.46379,45985.7719,282.0871301
Spring.C1.MP,MP,mp2,C1,23.7,358980.8002,3076004.786,903753.3648,817498.4766,340455.2152,79.23312923,21745.44526,59.1049857,77752.60397,31670.35552,19115.61673,13.06819217
Spring.C2.MP,MP,mp2,C2,23.8,377260.1283,2540268.723,905644.7963,808703.3996,334677.1416,5127.918735,29235.02527,46.6306352,30766.44436,23628.79209,21598.85121,511.2309586
Spring.D1.MP,MP,mp2,D1,25,716388.6157,3419910.128,2005192.392,650211.5215,461922.8808,492.4557891,38875.95773,53.82812327,25719.05088,32075.39981,23123.17763,14.3140775
Spring.D2.MP,MP,mp2,D2,25,487476.557,2886245.481,1771928.134,680891.2771,338705.4722,4537.782472,43736.05179,71.76651386,10079.26669,25320.46968,19834.04633,102.9533804
Spring.E0.MP,MP,mp2,E0,29.4,481899.1083,2777341.163,1229467.922,947283.5954,457563.8848,52.74205233,64291.19993,1053.912174,55361.87788,65420.281,29907.69691,101.622184
Spring.F1.MP,MP,mp2,F1,24.5,415127.3971,2122375.14,1199636.995,714741.5568,286276.9031,1331.708036,23059.24482,125398.7206,18574.00976,16339.53291,43279.5888,281.0855968
Spring.F2.MP,MP,mp2,F2,25.5,588126.0977,3123958.067,1732548.623,775933.135,369916.9037,3781.676223,32827.93476,129.821966,4028.428015,22142.32771,27496.61058,534.2200344
Spring.F3.MP,MP,mp2,F3,24.9,164138.0825,939034.4301,710829.4252,257099.3827,115628.1132,71661.95421,13331.4709,83.47508065,1638.354535,8919.188519,8191.126906,19.71416272
Spring.G1.MP,MP,mp2,G1,28.6,607117.119,4367770.142,1132035.729,1098271.054,574616.9323,168.727053,34100.52166,0,12186.10329,7684.373076,35597.19874,154.7641183
Spring.G2.MP,MP,mp2,G2,27.4,404796.4348,2236020.971,1015630.462,803022.3777,346327.3806,860.5341625,19805.81285,32.4313021,7658.302801,10196.50885,63833.77306,2250.336116
Spring.H0.MP,MP,mp2,H0,28.7,535801.3298,3400507.674,1111040.912,761859.215,441522.9733,1120.766211,59047.88754,44.5951837,36364.45558,26748.52815,32290.89626,134.1056306
Spring.I0.MP,MP,mp2,I0,29,359976.6407,2596842.6,424380.6125,825953.1229,373660.8301,7690.319436,16292.84119,17.4916525,17872.28062,17684.31743,34948.69225,130.8642042
Spring.J0.MP,MP,mp2,J0,27.7,505383.1815,3285276.263,937541.1955,888853.8231,457139.883,399.7406351,32964.70813,39.587935,42471.11607,53166.0039,17717.12359,10.80010388
Summer.A0.MP,MP,mp3,A0,29.4,937583.3499,3164438.274,1230334.748,1436593.854,868357.9498,1062.386348,63466.64779,32.67201696,76750.45697,3140.306781,20996.9626,275.0695147
Summer.B0.MP,MP,mp3,B0,30.4,406738.6895,1414783.701,379941.6938,1280145.699,550653.6076,3945.979801,9176.562487,19.0826447,23046.01936,6486.41618,47511.7883,202.445521
Summer.C1.MP,MP,mp3,C1,30,432866.3611,2005203.509,751837.9055,818277.7394,338083.7846,5498.955371,22081.11377,16018.38552,65455.45503,20415.15714,36026.26735,548.0566723
Summer.C2.MP,MP,mp3,C2,28.4,295117.0056,1916832.984,532405.4878,1123417.044,307334.039,4108.844358,39926.81427,35.6063756,26827.41425,6677.273146,23095.95188,620.4762136
Summer.D1.MP,MP,mp3,D1,29.7,93914.53655,1845904.65,989289.2434,1045197.66,179002.6814,226.6280295,27593.97696,81.71120549,24836.24253,4054.292412,2601.641689,32.29032293
Summer.D2.MP,MP,mp3,D2,30,357806.7234,2267270.525,870814.8433,759065.7572,325210.4293,838.3329131,29613.29056,273.9214756,54313.10105,38321.12446,37891.45779,113.1415883
Summer.E0.MP,MP,mp3,E0,29.5,80550.8262,1017369.084,617011.4796,1228793.074,105309.1893,91.27740479,29710.52411,51.7211403,19490.72358,1773.865391,1209.828239,6.105038776
Summer.F1.MP,MP,mp3,F1,28.1,325684.6464,1124716.076,293057.2369,726029.4625,311147.3443,13009.54155,21538.81288,125.781064,15740.91545,5201.827507,29147.21524,362.8789114
Summer.F2.MP,MP,mp3,F2,30.1,271713.8737,1455579.017,266693.1465,1014517.027,429572.3236,2779.376097,18262.08646,21.3342617,23976.81478,13307.75336,7355.441821,156.3388888
Summer.F3.MP,MP,mp3,F3,29.6,441533.9493,1261418.773,899211.0178,1149274.097,387411.8455,1489.787952,36013.66133,21.6293016,28804.25433,11808.31506,30682.82732,9.95259664
Summer.G1.MP,MP,mp3,G1,31.2,625359.3911,2054801.763,577758.7279,1266261.043,521561.8959,701.6172574,29018.84816,0.90244935,24879.05518,22575.98343,24482.68946,30.5545047
Summer.G2.MP,MP,mp3,G2,31.1,403310.6355,1597488.836,485959.4479,843869.1851,330345.0169,5775.677427,30689.7517,43.00764488,32788.99814,13623.31326,35344.56639,1178.155357
Summer.H0.MP,MP,mp3,H0,31.9,200348.258,1381094.503,1193316.75,1193186.47,236383.3633,301.3062543,36279.20475,124.5951282,34485.28447,1829.35145,4404.65517,98.60825096
Summer.I0.MP,MP,mp3,I0,29.2,437439.0264,1156799.639,548019.1711,1787153.424,716985.2068,1263.171385,14859.98779,3.69831914,11618.08696,3963.022111,26481.0358,112.3860115
Summer.J0.MP,MP,mp3,J0,29.2,196493.3142,1449766.291,174257.2371,594373.1392,181684.8147,49422.46909,25925.77225,3.21408122,14739.99195,10252.56016,34791.39609,627.7525839
Autumn.A0.MP,MP,mp4,A0,28.2,481411.2311,1923944.391,3654107.148,640116.2126,245690.8008,626.3208141,15263.36293,23.59880098,2259.3,33270.99152,32591.60811,71.8763466
Autumn.B0.MP,MP,mp4,B0,28.4,450277.1278,2469670.022,671937.6702,889174.5881,317808.8459,15091.74663,34026.53303,301.647066,25448.483,21668.66855,34727.18727,610.5721903
Autumn.C1.MP,MP,mp4,C1,25.3,628794.8933,3533371.046,2402370.853,1049217.579,415505.2697,1709.806758,41409.01908,2.02577054,61409.81193,60228.14946,19317.94139,38.4445467
Autumn.C2.MP,MP,mp4,C2,24.7,482583.9657,2144994.631,1404025.503,745233.8951,333405.9484,2197.652729,11765.60103,21.30480336,34537.88803,43822.07195,35118.00245,16.29219425
Autumn.D1.MP,MP,mp4,D1,27,457562.9718,3006511.447,347911.6673,849268.9035,322230.726,12276.9838,36512.75746,5.71528314,26223.91275,11751.63487,46261.73267,275.1816958
Autumn.D2.MP,MP,mp4,D2,26.7,549208.2222,4178510.858,820090.1853,810559.5338,459881.575,756.819284,48675.09727,276.0648778,44893.62317,63442.73865,87144.69823,30.80686007
Autumn.E0.MP,MP,mp4,E0,27.6,471255.8244,1944841.484,2002921.428,739645.0441,284703.0697,14098.41212,38954.56579,824.924157,7018.660714,23208.48191,31737.51389,157.8820685
Autumn.F1.MP,MP,mp4,F1,24.4,768661.3402,4100878.654,1915743.211,750911.1811,476111.6546,1073.99694,36164.47507,12.7173015,15443.32146,22335.13056,14406.25744,26.1067148
Autumn.F2.MP,MP,mp4,F2,26.3,482926.1803,3171150.106,766919.6551,809318.8068,441009.3508,297.2305596,32562.88334,11.61071265,44196.10527,42704.31843,26289.09887,108.982533
Autumn.F3.MP,MP,mp4,F3,24.5,585245.9145,2564359.805,2174883.441,554166.0634,348358.4071,6388.010782,40563.88012,17.5935172,14467.75177,27825.21619,31036.31831,25.11841686
Autumn.G1.MP,MP,mp4,G1,29.4,100761.9661,561603.715,155996.3728,238956.4768,75325.52904,14772.14116,5270.224877,367.4137925,2736.591534,3715.082427,12102.91544,576.7240388
Autumn.G2.MP,MP,mp4,G2,29.2,431583.3414,3141518.209,206308.5133,976501.4661,348222.3888,227.919071,69899.9568,17.6470044,6228.954599,8959.502443,80776.94501,4090.807158
Autumn.H0.MP,MP,mp4,H0,28,390869.1578,1968287.733,934740.1174,635027.7717,258292.8545,2383.454457,40687.14888,133.892685,20523.44128,6199.695845,22971.31353,179.5990399
Autumn.I0.MP,MP,mp4,I0,25.6,578102.1176,2811869.974,1449858.241,924957.4053,334453.2741,204.0087431,25912.13535,39.29876795,19836.69817,33340.26801,29471.32432,314.337283
Autumn.J0.MP,MP,mp4,J0,24.4,904351.8261,3521468.275,2064102.423,785915.4754,452527.4446,1444.32484,36320.75158,35.7167094,2395.096934,24497.07427,28777.90772,68.2365018
Winter.A0.NP,NP,np1,A0,18,461696.9124,3251071.265,423817.97,997470.1092,370350.3521,2483.906592,17176.2125,65.36114182,37478.92907,100988.1059,12485.39656,301.2039028
Winter.B0.NP,NP,np1,B0,20.8,538055.6451,3698778.076,1567137.142,958998.1139,498409.504,393.0670052,38900.18821,17.48690715,22392.57772,63326.08486,63909.82607,61.44443396
Winter.C1.NP,NP,np1,C1,21,494145.3439,2789883.483,930678.8663,832909.0575,527380.5871,1147.620198,27685.03394,126.724623,13451.71098,27917.10972,37063.10366,132.1542057
Winter.C2.NP,NP,np1,C2,18.8,356817.4522,2511659.017,856345.5233,823478.2506,362757.3569,1389.448121,24357.90937,9.8424687,40912.55007,35054.61716,39874.4345,34.0210041
Winter.D1.NP,NP,np1,D1,21.1,344787.3279,1677353.01,423496.2142,924229.7059,521691.6864,2786.390382,28717.71681,19.4702372,9814.693183,22415.43,12305.12396,332.184913
Winter.D2.NP,NP,np1,D2,20.1,229672.214,2093754.982,338414.5501,721888.119,206361.3872,36615.44522,25593.89522,1177.4211,8450.025283,12388.7427,35933.7918,13223.05648
Winter.E0.NP,NP,np1,E0,20.5,366768.3132,2954637.327,817105.0405,820755.2206,451997.1589,94.14727041,160185.9494,108.0956844,62665.76461,71568.95719,28245.01984,64.5479202
Winter.F1.NP,NP,np1,F1,18.8,250701.9372,1571471.794,588964.4073,630188.4579,231601.2381,2217.171248,47947.00964,138.5451021,19911.3791,8830.603925,18888.75094,620.588548
Winter.F2.NP,NP,np1,F2,20.1,206275.2619,1520766.786,196222.8239,752712.841,253904.3125,25722.75902,18876.25949,15185.96503,14615.76052,14437.39864,27365.96583,927.0456804
Winter.F3.NP,NP,np1,F3,18.9,447033.3609,3018427.079,2117405.461,631043.9534,398383.771,11.82176282,44709.52948,206.6102358,17101.99801,36649.29991,18851.08504,257.22934
Winter.G1.NP,NP,np1,G1,21.5,495508.9359,2854387.097,679416.4905,721420.6843,374831.8755,1017.903617,34536.76187,5.5299333,31907.7191,34206.76748,54721.53575,142.5779644
Winter.G2.NP,NP,np1,G2,21.3,420243.2821,2946398.288,1099218.149,835692.9516,360626.8407,2813.258469,46313.36862,109.8332228,20003.77457,41811.11,19198.92595,16.7957268
Winter.H0.NP,NP,np1,H0,23,576318.726,3198783.533,1448485.172,549697.1746,349939.5771,10.25279661,32816.6651,172.2831904,15114.35238,31503.29405,40891.31744,10.637098
Winter.I0.NP,NP,np1,I0,19.4,311639.6801,3174738.299,219220.5283,761037.5979,468634.3347,113.014885,24719.66645,15.602016,23853.40693,6613.135149,63309.67134,219.7492211
Winter.J0.NP,NP,np1,J0,19,474148.1414,2904199.148,678297.9947,704665.4663,388597.3943,715.8737085,17554.50031,18.9497908,28685.77546,7727.303959,42359.86264,4514.11997
Spring.A0.NP,NP,np2,A0,28.4,151877.4042,1091190.808,268552.8503,570930.6426,161275.5805,734.2750896,20636.12247,656.976784,34068.38704,12682.02832,15143.67989,86.7435327
Spring.B0.NP,NP,np2,B0,23.4,364332.3115,2412777.867,1448454.052,757304.7776,387855.2595,563.6013286,41228.44511,143.1918848,12191.21103,25194.98479,51520.98133,645.6798078
Spring.C1.NP,NP,np2,C1,23.7,431137.8058,3471105.702,1962229.56,872217.3388,378521.2439,10.58085362,26032.4331,14.82482179,42209.60529,20967.81426,13777.0703,12.65414
Spring.C2.NP,NP,np2,C2,23.8,430855.4786,1569766.306,173768.0402,468375.9514,331266.0253,1770.043492,34114.27884,211.67283,77008.77095,50832.3475,20952.62922,1897.079992
Spring.D1.NP,NP,np2,D1,25,388399.5523,2107091.175,1429299.296,712380.6348,348536.5321,652.1915424,36266.7139,358.0457138,36467.2323,31439.46632,25004.25111,79.8100161
Spring.D2.NP,NP,np2,D2,25,220741.6618,2376747.304,1748543.631,849179.5145,413902.6543,269.1013415,51770.34104,17.0550978,55228.95294,1830.731056,10143.16346,2.50919572
Spring.E0.NP,NP,np2,E0,29.4,376389.7833,3069709.102,623466.3764,717269.2583,355857.5195,182.4641885,36129.1954,17.76517997,42708.7091,36573.56884,58337.41795,41.18139949
Spring.F1.NP,NP,np2,F1,24.5,295553.2998,1784336.82,832155.6605,705702.4578,296006.1476,1546.288937,23918.33898,77154.5001,9378.55079,13093.26122,42356.87842,361.367938
Spring.F2.NP,NP,np2,F2,25.5,468024.6323,3262208.396,2325151.496,734955.0582,455240.832,2364.499491,66928.74511,84.31641497,3685.203953,25145.37825,18933.60303,166.9018724
Spring.F3.NP,NP,np2,F3,24.9,313249.8748,1367660.936,1911692.291,525332.776,230740.0649,229.6192536,15242.423,1468.117525,3835.405662,34472.2522,11610.9102,10.12392612
Spring.G1.NP,NP,np2,G1,28.6,552797.3517,4428158.275,1546666.261,849127.2743,610408.5656,732.1909081,33813.22932,8.10684005,15682.72194,6711.836895,18971.22059,88.65258764
Spring.G2.NP,NP,np2,G2,27.4,290252.7968,1905215.784,460700.7523,898238.1326,267940.0917,2406.009242,9106.318516,82.22090506,10243.22051,8709.632091,37237.70718,268.3917895
Spring.H0.NP,NP,np2,H0,28.7,206916.8905,1418003.467,566286.057,523221.6291,189024.2818,1592.080162,37185.66979,258.3926615,22568.61953,4814.518349,22124.0257,456.7053712
Spring.I0.NP,NP,np2,I0,29,239386.6361,1998750.237,403177.35,987534.7708,267924.7214,655.4728444,33743.37526,680.2781058,80634.43459,68504.14485,59945.98403,54.7746499
Spring.J0.NP,NP,np2,J0,27.7,134531.9224,676214.3038,385484.0549,268282.4192,137074.8682,65993.50967,8812.570034,50.86075899,3605.391973,12700.21044,2969.601386,4.2411137
Summer.A0.NP,NP,np3,A0,29.4,348974.6729,1237183.287,1011488.94,773933.2688,173539.7188,521.1688122,25383.48626,266.6558235,17018.94197,14550.03037,52638.6741,57.5620482
Summer.B0.NP,NP,np3,B0,30.4,421305.4943,1849502.835,459730.9414,748955.3288,341591.6376,5632.264275,32219.62936,773.382049,42957.09006,16578.71467,87602.04109,126.0543803
Summer.C1.NP,NP,np3,C1,30,389169.8722,1644897.755,1058914.633,765608.3786,296546.1515,25241.56611,30066.85331,17253.41764,63621.1495,43129.01036,22831.36126,285.168655
Summer.C2.NP,NP,np3,C2,28.4,420207.9078,1123095.243,222836.3034,573583.62,293912.3372,7808.64659,26835.90441,355.7266299,27218.83999,21333.35431,19014.41573,1628.834566
Summer.D1.NP,NP,np3,D1,29.7,449864.0643,2851003.484,606241.9352,1608931.699,462836.1045,181.7596393,62127.7835,1653.439858,88127.03386,110223.23,14403.31821,187.3701367
Summer.D2.NP,NP,np3,D2,30,232824.5208,1328451.619,528974.026,526188.3343,239723.3034,38712.30532,22181.18626,201.8274703,32851.02254,27937.28316,17216.15435,57.9678833
Summer.E0.NP,NP,np3,E0,29.5,476105.9299,1567884.171,246858.3263,933179.1794,357337.3821,703.7463019,24399.41251,395.316131,45052.69164,5543.320432,118067.6556,27.55857453
Summer.F1.NP,NP,np3,F1,28.1,264776.8966,1505137.116,215391.2117,823250.8692,372838.5551,975.932987,12802.28038,18229.28413,25214.86681,13209.86471,36698.28116,2268.397868
Summer.F2.NP,NP,np3,F2,30.1,288864.9784,1716161.296,802966.7662,563048.1966,264812.1782,36226.5866,11479.51749,105.3258105,15236.88649,18645.31475,5225.359288,127.5615439
Summer.F3.NP,NP,np3,F3,29.6,475392.1457,1633573.449,476974.1745,794411.1383,352206.3507,1337.87779,39394.85158,2710.848343,45494.91164,44538.82438,42109.93847,450.6864226
Summer.G1.NP,NP,np3,G1,31.2,350779.5738,1785082.573,249903.8346,772011.7859,311082.3678,2045.963637,23289.40508,803.035436,24847.1712,9843.368115,50862.59636,270.0713779
Summer.G2.NP,NP,np3,G2,31.1,436514.6401,1445550.15,922071.3044,822547.9301,330061.195,1240.681077,60026.50583,1742.112445,14547.42263,50146.85533,55324.0359,417.0576563
Summer.H0.NP,NP,np3,H0,31.9,380624.9016,3048386.009,660982.9093,1644555.37,442660.4473,161.536165,65688.76996,2832.413927,78671.7876,119387.1839,19172.38503,404.8029421
Summer.I0.NP,NP,np3,I0,29.2,463571.6998,1794725.295,958397.533,853483.5931,400824.5264,2133.894011,94235.46323,841.348739,50733.36117,59807.92462,39876.71216,1137.72974
Summer.J0.NP,NP,np3,J0,29.2,506776.7942,2047241.107,1256736.01,884207.6124,495045.5631,12699.79639,30078.31434,63.323812,24778.14643,19360.74313,11929.47654,31.0429117
Autumn.A0.NP,NP,np4,A0,28.2,346702.8847,2477121.14,856761.3462,722447.5146,368047.194,796.9747448,18123.12525,78.3956253,6082.194244,6216.993456,8127.879198,364.2043553
Autumn.B0.NP,NP,np4,B0,28.4,694264.9578,2440140.195,653485.7738,1409253.746,968863.5063,73.04864632,41201.44849,12.54062394,7283.903175,30414.24413,23717.76218,152.8900862
Autumn.C1.NP,NP,np4,C1,25.3,483476.5218,2937824.386,1890353.945,767906.1809,382480.3661,448.1230331,29426.20627,28.9257172,37103.95702,95849.08778,6902.437278,1.27969994
Autumn.C2.NP,NP,np4,C2,24.7,375335.2395,1904547.466,934539.4428,572032.323,314905.7136,1386.073193,29802.13528,171.3582306,26097.21534,34664.05872,43692.41728,11.2278911
Autumn.D1.NP,NP,np4,D1,27,445002.7641,3143138.305,808642.9399,927197.2742,475800.8425,697.1072837,67026.00028,12607.5624,42839.75284,41462.00876,46572.63232,2890.501821
Autumn.D2.NP,NP,np4,D2,26.7,482291.9873,3680321.785,811073.5446,676553.6536,426211.2726,1288.059773,41917.67794,323.7272265,36219.49303,57112.55182,65863.57293,200.0416489
Autumn.E0.NP,NP,np4,E0,27.6,554478.3213,2585355.337,3095751.605,677825.8921,305949.7505,150.9229761,48847.01139,31.7455167,6192.043596,28975.48273,50980.69886,32.1179247
Autumn.F1.NP,NP,np4,F1,24.4,414699.2898,1343164.077,1176195.258,734365.5653,284894.8234,73.82232362,68655.27572,24.305729,16820.14422,78211.72403,60115.73379,17.47097931
Autumn.F2.NP,NP,np4,F2,26.3,363905.927,2507276.168,805739.1177,662664.4169,331867.3359,223.8718286,20499.76059,22.00763224,28444.09066,32510.4694,44821.79723,81.1029606
Autumn.F3.NP,NP,np4,F3,24.5,386043.9158,1309192.323,370096.315,531901.3094,275825.1762,4476.870437,42462.01142,3429.059137,111272.1984,42740.03336,13003.93875,1413.433776
Autumn.G1.NP,NP,np4,G1,29.4,135722.125,830547.9159,86604.87302,572660.8632,150731.1916,1085.975071,17313.08675,182.4260317,20189.35099,4844.519909,29644.06987,863.9755058
Autumn.G2.NP,NP,np4,G2,29.2,629431.3994,3247142.543,1212704.044,671013.322,546766.6176,1725.609195,37529.8889,6.28901167,33745.39765,33688.62741,47698.26741,172.0876092
Autumn.H0.NP,NP,np4,H0,28,305314.5001,1826069.388,749222.6646,661663.9807,242353.2227,2943.119578,48144.37019,155.0704683,25430.43577,4006.342689,24363.93493,219.7746853
Autumn.I0.NP,NP,np4,I0,25.6,269450.3433,952693.0684,225224.7685,513674.624,231314.029,355.2343551,18023.36856,45.6524543,13280.07266,9371.752701,872.2627882,15.81455344
Autumn.J0.NP,NP,np4,J0,24.4,286401.3031,1442723.668,1333616.498,359752.9633,181871.959,7203.24621,28187.10426,55.824347,3529.07212,14910.14404,19825.10512,43.07553184
,,,,,,,,,,,,,,20923.62845,,
,,,,,0.003925938,0.012168249,0.080267292,0.042382791,0.437971271,0.8407521,0.244876262,0.911785527,0.191921686,13485.27629,0.331230654,0.57088866
,,,,,,,,,,,,,,26797.85379,,
,,,,,,,,,,,,,,14515.73303,,
,,,,,,,,,,,,,,31313.05285,,
,,,,,,,,,,,,,,110275.4585,,
,,,,,,,,,,,,,,41956.84609,,
,,,,,,,,,,,,,,42247.84905,,
,,,,,,,,,,,,,,18905.31389,,
,,,,,,,,,,,,,,50018.80398,,
,,,,,,,,,,,,,,25813.72176,,
,,,,,,,,,,,,,,44886.60056,,
,,,,,,,,,,,,,,8638.989841,,
,,,,,,,,,,,,,,43520.48371,,
,,,,,,,,,,,,,,16583.88103,,
,,,,,,,,,,,,,,10109.82082,,
,,,,,,,,,,,,,,24014.36018,,
,,,,,,,,,,,,,,53741.72592,,
,,,,,,,,,,,,,,49787.18548,,
,,,,,,,,,,,,,,24700.74851,,
,,,,,,,,,,,,,,19164.71956,,
,,,,,,,,,,,,,,7970.888258,,
,,,,,,,,,,,,,,76753.02828,,
,,,,,,,,,,,,,,14637.13808,,
,,,,,,,,,,,,,,43078.71696,,
,,,,,,,,,,,,,,5875.052631,,
,,,,,,,,,,,,,,18344.84366,,
,,,,,,,,,,,,,,5992.907997,,
,,,,,,,,,,,,,,31789.08048,,
,,,,,,,,,,,,,,61500.54635,,
,,,,,,,,,,,,,,32744.24328,,
,,,,,,,,,,,,,,10937.96337,,
,,,,,,,,,,,,,,45812.26113,,
,,,,,,,,,,,,,,22103.1609,,
,,,,,,,,,,,,,,45083.88858,,
,,,,,,,,,,,,,,55173.96413,,
,,,,,,,,,,,,,,5310.659138,,
,,,,,,,,,,,,,,12679.95604,,
,,,,,,,,,,,,,,4501.94548,,
,,,,,,,,,,,,,,28952.85122,,
,,,,,,,,,,,,,,3601.311172,,
,,,,,,,,,,,,,,5151.954022,,
,,,,,,,,,,,,,,2933.086434,,
,,,,,,,,,,,,,,50075.10001,,
,,,,,,,,,,,,,,35768.19772,,
,,,,,,,,,,,,,,38368.35892,,
,,,,,,,,,,,,,,64208.05436,,
,,,,,,,,,,,,,,73015.37704,,
,,,,,,,,,,,,,,21268.44755,,
,,,,,,,,,,,,,,37256.49789,,
,,,,,,,,,,,,,,21141.79042,,
,,,,,,,,,,,,,,9524.664216,,
,,,,,,,,,,,,,,8502.290186,,
,,,,,,,,,,,,,,8867.253612,,
,,,,,,,,,,,,,,45370.69409,,
,,,,,,,,,,,,,,7595.509568,,
,,,,,,,,,,,,,,15814.37923,,
,,,,,,,,,,,,,,5494.967255,,
,,,,,,,,,,,,,,32800.96805,,
,,,,,,,,,,,,,,10477.08932,,